{
	"metaDataVersion": "1.0.0",
	"category": "com.microchip.ide.project",
	"content": {
		"metaDataVersion": "1.1.0",
		"name": "com.microchip.mcu32.mplabx.project.MPLAB-Harmony-Reference-Apps_same51n_getting_started",
		"version": "1.5.0",
		"displayName": "Getting Started Application on SAM E51 Curiosity Nano Evaluation Kit",
		"projectName": "getting_started_sam_e51_cnano",
		"shortDescription": "Demonstrates how to get started using the basic peripherals like EIC, RTC, GPIO and SERCOM(USART)",
		"ide": {
			"name": "MPLABX",
			"semverRange": ">=6.00"
		},
		"compiler": [
			{
				"name": "XC32",
				"semverRange": ">=4.0.0"
			}
		],
		"dfp": {
			"name": "SAME51_DFP",
			"semverRange": "^3.6.130"
		},
		"configurator": {
			"name": "MCC",
			"semverRange": ">=5.1.4"
		},
		"device": {
			"metaDataVersion": "1.0.0",
			"category": "com.microchip.portal.contentRef",
			"content": {
				"metaDataVersion": "1.0.0",
				"category": "com.microchip.device",
				"name": "ATSAME51J20A",
				"versionRange": "*"
			}
		},
		"author": "Microchip",
		"subcategories": [
			[
				"Development Kit", "SAM E51 Curiosity Nano Evaluation Kit"
			],
			[
				"Harmony", "Reference Apps"
			]
		],
		"peripherals": [
			"EIC", "RTC", "GPIO", "SERCOM(USART)"
		],
		"keywords": [
			"MHC",
			"MCC",
			"Harmony",
			"ATSAME51J20A",
			"SAME51 Family",
			"UART",
			"Serial Communication",
			"USART",
			"FLEXCOM",
			"Getting Started",
			"EIC",
			"RTC",
			"GPIO",
			"SAM E51",
			"SAME51",
			"Curiosity",
			"Nano"
		],
		"additionalData": {
			"longDescription": {
				"metaDataVersion": "1.0.0",
				"category": "com.microchip.portal.fileRef",
				"content": {
					"metaDataVersion": "1.0.0",
					"fileName": "./../../readme.md",
					"mimeType": "text/markdown"
				}
			}
		}
	}
}
